subject,cohort,v_b_gene,j_b_gene,cdr3_b_aa,pgen,radius,chi2joint
5649,COVID-19-Convalescent,TRBV28*01,TRBJ2-2*01,CASSSGDFRKLFF,1.1278747458745793e-10,34.0,511.5440129018753
4445,COVID-19-Convalescent,TRBV28*01,TRBJ2-7*01,CASSFKSDSYEQYF,3.0700241127179513e-09,22.0,24725.219895701925
5649,COVID-19-Convalescent,TRBV3-1*01,TRBJ1-6*01,CASSQDPGTGVSSYNSPLHF,8.352437994102065e-10,36.0,592.9425856334863
4445,COVID-19-Convalescent,TRBV28*01,TRBJ2-7*01,CASSFKTDSYEQYF,5.827250389698676e-09,20.0,30142.477616696942
6499,COVID-19-Convalescent,TRBV28*01,TRBJ2-7*01,CASSLRTDHYEQYF,5.266236216793994e-09,22.0,32287.907764964053
4445,COVID-19-Convalescent,TRBV21-1*01,TRBJ1-2*01,CASSKESQGLAYGYTF,2.622071311322373e-12,36.0,518.0783832699418
5649,COVID-19-Convalescent,TRBV4-2*01,TRBJ2-7*01,CASSQEGGPSHEQYF,8.61283243107356e-10,20.0,1878.7070482192637
4445,COVID-19-Convalescent,TRBV4-3*01,TRBJ2-7*01,CASSQEQGPGYEQYF,5.697109358034686e-09,22.0,558.2918193255555
7736,COVID-19-Convalescent,TRBV4-2*01,TRBJ2-7*01,CASSQEGGRAGSYEQYF,6.199423330584145e-10,28.0,5075.8153289286465
19617,Healthy (No known exposure),TRBV20-1*01,TRBJ2-7*01,CSAINRRDTYEQYF,1.4270920597864466e-11,26.0,518.0783832699418
6499,COVID-19-Convalescent,TRBV28*01,TRBJ2-7*01,CASSFRSDHYEQYF,6.784723369145206e-10,22.0,22742.686614425
19617,Healthy (No known exposure),TRBV28*01,TRBJ2-7*01,CASSLRDTSYEQYF,6.143189248399122e-08,10.0,592.9425856334863
7301,COVID-19-Convalescent,TRBV14*01,TRBJ2-5*01,CASSPGTDNQETQYF,1.695647405908892e-09,34.0,547.6313116260194
19943,Healthy (No known exposure),TRBV4-1*01,TRBJ2-7*01,CASSQDRGGNEQYF,5.8453516373378694e-08,10.0,567.531421314143
6499,COVID-19-Convalescent,TRBV28*01,TRBJ2-7*01,CASSLKTDSYEQYF,2.1463216770851483e-08,16.0,33222.592358089016
19943,Healthy (No known exposure),TRBV27*01,TRBJ2-7*01,CASSFGTGTYEQYF,9.611654669405004e-08,10.0,518.0783832699418
7301,COVID-19-Convalescent,TRBV19*01,TRBJ2-3*01,CASSIVLADTQYF,7.73333473435785e-09,22.0,579.9002153562518
19943,Healthy (No known exposure),TRBV7-9*01,TRBJ2-5*01,CASSLEDIAQYF,2.4883816444556915e-10,26.0,525.2134706413001
7736,COVID-19-Convalescent,TRBV4-2*01,TRBJ2-7*01,CASSQEGSRAYEQYF,6.873344956825091e-09,22.0,5670.362797382797
19617,Healthy (No known exposure),TRBV12-1*01,TRBJ2-7*01,CASSWMTDSYEQYF,7.45840445197756e-10,36.0,17279.446378984987
7736,COVID-19-Convalescent,TRBV19*01,TRBJ1-5*01,CASSIVDYQPQHF,1.6614296851095316e-09,34.0,536.3664890388077
20655,Healthy (No known exposure),TRBV28*01,TRBJ2-3*01,CASRPQGLVTDTQYF,6.32915633340745e-10,28.0,518.0783832699418
6499,COVID-19-Convalescent,TRBV12-1*01,TRBJ1-5*01,CASSPNPTGTQNYSNQPQHF,3.404208034121317e-14,36.0,592.9425856334863
20655,Healthy (No known exposure),TRBV9*01,TRBJ2-7*01,CASSPSAGVSYEQYF,7.958693976541269e-09,22.0,518.0783832699418
7736,COVID-19-Convalescent,TRBV28*01,TRBJ2-7*01,CASSLRTDSYEQYF,8.285894244760345e-08,16.0,35974.79600998032
19617,Healthy (No known exposure),TRBV12-1*01,TRBJ2-5*01,CASSLWQGETQYF,2.1548984187279026e-08,36.0,3809.9804359551936
7301,COVID-19-Convalescent,TRBV19*01,TRBJ2-3*01,CASSILLAGGPGDTQYF,1.6226858598702223e-10,36.0,10101.637684277808
20655,Healthy (No known exposure),TRBV4-1*01,TRBJ2-3*01,CASSQRLAGGTDTQYF,4.543023246154531e-08,20.0,443.2141809063975
7736,COVID-19-Convalescent,TRBV28*01,TRBJ1-3*01,CASSLRSDEYTIYF,7.948246925757697e-12,36.0,2677.2670817340572
20655,Healthy (No known exposure),TRBV9*01,TRBJ2-1*01,CASSVGISSSYNEQFF,1.4971441439621675e-09,20.0,592.9425856334863
6499,COVID-19-Convalescent,TRBV28*01,TRBJ2-7*01,CASSLHRDNYEQYF,7.137832949033164e-09,22.0,1105.8300654782288
20655,Healthy (No known exposure),TRBV15*01,TRBJ2-7*01,CATSRGGESLYEQYF,1.066561622264524e-10,28.0,592.9425856334863
7301,COVID-19-Convalescent,TRBV10-3*01,TRBJ1-2*01,CAIQGEAYGYTF,8.497547301817556e-10,20.0,790.5950866930401
20655,Healthy (No known exposure),TRBV11-2*01,TRBJ2-1*01,CASSLLGGGGYNEQFF,2.3855943981641094e-08,22.0,505.16495046190835
6499,COVID-19-Convalescent,TRBV28*01,TRBJ2-7*01,CASSLRTDSYEQYF,8.285894244760345e-08,16.0,35974.79600998032
20655,Healthy (No known exposure),TRBV9*01,TRBJ2-3*01,CASSVGGLGASSTDTQYF,3.662719144575883e-11,32.0,518.0783832699418
7717,COVID-19-Convalescent,TRBV3-1*01,TRBJ1-1*01,CASSSTWNPLAEAFF,1.49267626529742e-13,36.0,592.9425856334863
20655,Healthy (No known exposure),TRBV20-1*01,TRBJ2-1*01,CSARDLFRGTSGGNEQFF,3.889299024473237e-12,34.0,592.9425856334863
5314,COVID-19-Convalescent,TRBV5-5*01,TRBJ2-3*01,CASSLGQGSFTDTQYF,2.9155435831541e-09,22.0,10559.430949162812
20655,Healthy (No known exposure),TRBV9*01,TRBJ1-1*01,CASSEVEANTEAFF,2.5930758585814275e-09,34.0,592.9425856334863
7301,COVID-19-Convalescent,TRBV27*01,TRBJ2-1*01,CASKGLASYNEQFF,1.7894795292284352e-08,28.0,530.6570926159488
20655,Healthy (No known exposure),TRBV27*01,TRBJ2-1*01,CASSLFPGGYNEQFF,1.7125647702806544e-08,22.0,568.8382886721613
5314,COVID-19-Convalescent,,TRBJ2-1*01,CASSLVRTGFLAGDSPYNEQFF,,,
20655,Healthy (No known exposure),TRBV4-3*01,TRBJ2-7*01,CASSQGGEGRYEQYF,5.896850460338772e-09,22.0,1226.5996702323232
5649,COVID-19-Convalescent,TRBV12-1*01,TRBJ2-5*01,CASSLLQGPRGETQYF,1.9695021109428629e-10,36.0,592.9369626058026
20655,Healthy (No known exposure),TRBV5-6*01,TRBJ2-3*01,CASSLERARTDTQYF,1.1063948592149124e-08,16.0,443.49109582834546
5649,COVID-19-Convalescent,TRBV6-1*01,TRBJ2-7*01,CASTIPGGRFIDEQYF,4.711932542241111e-14,36.0,592.9425856334863
20655,Healthy (No known exposure),TRBV4-1*01,TRBJ2-1*01,CASSPSGDEQFF,3.145876665373685e-07,10.0,518.0783832699418
7736,COVID-19-Convalescent,TRBV6-6*01,TRBJ2-5*01,CASSHSVSGLGGETQYF,2.2170177627215334e-12,34.0,548.9200635020893
20655,Healthy (No known exposure),TRBV19*01,TRBJ1-2*01,CASSPGRNYGYTF,5.190720949812874e-07,20.0,518.0783832699418
7301,COVID-19-Convalescent,TRBV28*01,TRBJ2-7*01,CASSRSTDSYEQYF,9.936488568633709e-09,22.0,16459.13491718319
20655,Healthy (No known exposure),TRBV27*01,TRBJ2-1*01,CASSSPTGTNYNEQFF,3.0297949300272366e-10,32.0,592.9425856334863
5314,COVID-19-Convalescent,TRBV28*01,TRBJ2-7*01,CASSVATDSYEQYF,1.2246087521163266e-08,22.0,16442.707136686884
20655,Healthy (No known exposure),TRBV4-1*01,TRBJ2-7*01,CASSQEVGTSGDYEQYF,4.985781422743029e-10,32.0,518.0783832699418
7301,COVID-19-Convalescent,TRBV28*01,TRBJ2-7*01,CASSFRQNSYEQYF,1.2237207543457008e-08,22.0,16039.798783072869
20655,Healthy (No known exposure),TRBV4-1*01,TRBJ1-5*01,CASSRGHHEGNQPQHF,3.0189284286846205e-11,36.0,592.9425856334863
5314,COVID-19-Convalescent,TRBV7-9*01,TRBJ2-5*01,CASSLAPSGSETQYF,9.694836744097436e-09,22.0,592.9425856334863
20655,Healthy (No known exposure),TRBV6-2*01,TRBJ2-1*01,CASSSLAGGRSLRNEQFF,3.11077014900289e-12,36.0,592.9425856334863
7736,COVID-19-Convalescent,TRBV10-3*01,TRBJ2-7*01,CAIMDSTYEQYF,7.417010348831336e-10,10.0,592.9425856334863
20655,Healthy (No known exposure),TRBV9*01,TRBJ2-3*01,CASNLVAGGTDTQYF,4.934248302424747e-10,32.0,518.0783832699418
5314,COVID-19-Convalescent,TRBV11-2*01,TRBJ2-5*01,CASSLYSGETQYF,4.402188314419233e-08,20.0,1113.0229364170852
20655,Healthy (No known exposure),TRBV30*01,TRBJ2-7*01,CASRDYSSYEQYF,1.8599067375027005e-08,22.0,518.0783832699418
5314,COVID-19-Convalescent,TRBV28*01,TRBJ2-7*01,CASSFHRNSYEQYF,5.7574802291354294e-09,22.0,1875.9064821376803
20655,Healthy (No known exposure),TRBV7-6*01,TRBJ1-5*01,CASSLGGRGQPQHF,1.3655458995930257e-07,32.0,569.9764833560354
5314,COVID-19-Convalescent,TRBV6-1*01,TRBJ2-3*01,CASSEAPINTDTQYF,2.3143868920670576e-10,28.0,592.9425856334863
20655,Healthy (No known exposure),TRBV4-3*01,TRBJ2-7*01,CASSQGGQGNYEQYF,1.9383188178856158e-08,22.0,1124.2372778100523
5314,COVID-19-Convalescent,TRBV28*01,TRBJ2-7*01,CASSRGTDAYEQYF,1.5014022399316734e-08,22.0,14322.424833615803
20655,Healthy (No known exposure),TRBV5-4*01,TRBJ2-7*01,CASSEGLATFSYEQYV,5.332230945278866e-21,36.0,592.9425856334863
5314,COVID-19-Convalescent,TRBV28*01,TRBJ2-7*01,CASSLRTNSYEQYF,3.3833016596535534e-08,10.0,15301.791042376968
20655,Healthy (No known exposure),TRBV4-1*01,TRBJ1-3*01,CASSQDFPSGNTIYF,1.9768873406099493e-09,34.0,506.25239060827386
7301,COVID-19-Convalescent,TRBV28*01,TRBJ2-7*01,CASSLRSNSYEQYF,1.8187070482868666e-08,10.0,12920.48808123161
20655,Healthy (No known exposure),TRBV6-5*01,TRBJ2-3*01,CASSLAASTDTQYF,2.979906455934688e-07,20.0,421.8286981871474
5314,COVID-19-Convalescent,TRBV12-1*01,TRBJ1-1*01,CASSLLPGQYTEAFF,3.880140964086365e-09,36.0,1237.7697863828735
20655,Healthy (No known exposure),TRBV9*01,TRBJ2-2*01,CASSLVAGNTGELFF,8.279223388904393e-08,28.0,464.7157494140747
5314,COVID-19-Convalescent,TRBV7-8*01,TRBJ1-5*01,CASSLVGNQPQHF,3.8644582092456007e-07,10.0,2695.771858455986
20655,Healthy (No known exposure),TRBV9*01,TRBJ2-5*01,CASSVGAAQETQYF,1.3576681493367615e-08,22.0,443.2141809063975
5314,COVID-19-Convalescent,TRBV7-1*01,TRBJ1-5*01,CASSLTGDLLWHF,4.379376783861978e-13,36.0,1237.7982850815765
1886,COVID-19-Convalescent,TRBV3-1*01,TRBJ2-1*01,CASSLTYGGSNEQFF,3.397969474682163e-10,28.0,503.4750952266337
5314,COVID-19-Convalescent,TRBV28*01,TRBJ2-7*01,CASSLRTDHYEQYF,5.266236216793994e-09,22.0,32287.907764964053
7717,COVID-19-Convalescent,TRBV19*01,TRBJ2-1*01,CASSILLGTAPLYNEQFF,1.5148424325363322e-13,36.0,592.9425856334863
7301,COVID-19-Convalescent,TRBV28*01,TRBJ2-7*01,CASSFRTDQYEQYF,6.596999734748418e-10,22.0,19706.35260890065
1886,COVID-19-Convalescent,TRBV19*01,TRBJ2-7*01,CASSMRTDTYEQYF,6.123304865730269e-10,22.0,8061.874178255633
5314,COVID-19-Convalescent,TRBV19*01,TRBJ2-1*01,CASTPGWAGVSYNEQFF,1.695999761612712e-12,36.0,580.5464211198152
1886,COVID-19-Convalescent,TRBV6-5*01,TRBJ2-7*01,CASSYSFGTDYEQYF,8.669768847496778e-10,22.0,592.9425856334863
5314,COVID-19-Convalescent,TRBV12-1*01,TRBJ2-3*01,CASSLGGTDTQYF,2.521441196742324e-06,36.0,1380.433313766497
1886,COVID-19-Convalescent,TRBV28*01,TRBJ2-7*01,CASSLRSDSYEQYF,3.6231352465665166e-08,10.0,15301.791042376968
5314,COVID-19-Convalescent,TRBV5-5*01,TRBJ2-3*01,CASSLGQGAFTDTQYF,6.93338727035842e-09,22.0,11348.553969446315
7717,COVID-19-Convalescent,TRBV12-5*01,TRBJ2-7*01,CASGLGDTSYEQYF,1.7410458570030929e-09,20.0,592.9425856334863
5314,COVID-19-Convalescent,TRBV11-2*01,TRBJ2-7*01,CASSGVDAAYEQYF,9.570669792191672e-10,34.0,592.9425856334863
7717,COVID-19-Convalescent,TRBV3-1*01,TRBJ2-1*01,CASSLTGTGYNEQFF,5.655300912261423e-08,22.0,961.9435647695996
5314,COVID-19-Convalescent,TRBV27*01,TRBJ2-3*01,CASSAGVSSTDTQYF,1.6006268670449213e-08,22.0,518.0783832699418
7717,COVID-19-Convalescent,TRBV12-1*01,TRBJ2-7*01,CASSRQAVPGYEQYF,1.1692791960817681e-10,36.0,592.9328833567446
5314,COVID-19-Convalescent,TRBV4-2*01,TRBJ2-7*01,CASSQEGGRAYEQYF,4.953433070210827e-08,20.0,6924.582141924381
7717,COVID-19-Convalescent,TRBV6-6*01,TRBJ2-5*01,CASSLTGPEETQYF,3.4886706743908266e-08,26.0,518.0783832699418
7301,COVID-19-Convalescent,TRBV28*01,TRBJ2-7*01,CASSFSSNSYEQYF,6.091794440391165e-09,20.0,3437.833515243865
7717,COVID-19-Convalescent,TRBV3-1*01,TRBJ1-5*01,CASSPLNGGPDPQHF,1.8210201179825007e-13,32.0,518.0783832699418
7736,COVID-19-Convalescent,TRBV28*01,TRBJ2-7*01,CASSLRSNSYEQYF,1.8187070482868666e-08,10.0,12920.48808123161
1886,COVID-19-Convalescent,TRBV28*01,TRBJ2-7*01,CASSLRTDSYEQYF,8.285894244760345e-08,16.0,35974.79600998032
5314,COVID-19-Convalescent,TRBV28*01,TRBJ2-7*01,CASSRPTDSYEQYF,1.30962452393019e-08,22.0,8450.1471723779
7717,COVID-19-Convalescent,TRBV27*01,TRBJ2-3*01,CASSEYRANTDTQYF,7.906739047214397e-10,32.0,503.3838265302919
5314,COVID-19-Convalescent,TRBV7-6*01,TRBJ1-5*01,CASSLTGDLLWHF,4.379376783861978e-13,36.0,1237.7982850815765
1886,COVID-19-Convalescent,TRBV28*01,TRBJ2-7*01,CASSHRTDSYEQYF,2.001257891835701e-08,22.0,39050.15528976741
7301,COVID-19-Convalescent,TRBV28*01,TRBJ2-7*01,CASSRRTDSYEQYF,3.544276227203388e-08,22.0,36403.3106820434
1886,COVID-19-Convalescent,TRBV9*01,TRBJ2-7*01,CASGPGTDSYEQYF,3.6163269615911284e-09,34.0,1113.0229364170852
7736,COVID-19-Convalescent,TRBV19*01,TRBJ2-1*01,CASSLILGSGRYNEQFF,4.331448591843955e-11,36.0,569.1357712709113
7717,COVID-19-Convalescent,TRBV12-1*01,TRBJ1-1*01,CASSRQVLNTEAFF,5.4867296335187076e-08,36.0,518.0026369679168
5314,COVID-19-Convalescent,TRBV4-2*01,TRBJ2-7*01,CASSQEGGRAYEQYF,4.953433070210827e-08,20.0,6924.582141924381
1886,COVID-19-Convalescent,TRBV25-1*01,TRBJ2-1*01,CASSELSSSYNEQFF,1.5390442806441808e-08,22.0,518.0783832699418
7736,COVID-19-Convalescent,TRBV19*01,TRBJ2-7*01,CASSNGLGDEQYF,6.226851421009684e-09,22.0,569.1357712709113
1886,COVID-19-Convalescent,TRBV5-4*01,TRBJ2-3*01,CASSSEDRVGDTQYF,3.6640371264496174e-10,36.0,553.9243060373146
7301,COVID-19-Convalescent,TRBV19*01,TRBJ1-1*01,CASSIGVLHSEAFF,8.919488700842865e-12,34.0,575.9598864812014
7717,COVID-19-Convalescent,TRBV3-1*01,TRBJ2-7*01,CASSLTGGLGEQYF,1.0608972935931871e-08,32.0,505.3188328326489
7301,COVID-19-Convalescent,TRBV28*01,TRBJ2-7*01,CASSFRSDAYEQYF,2.4749368439869122e-09,22.0,23933.790752829693
7717,COVID-19-Convalescent,TRBV3-1*01,TRBJ2-5*01,CASRWDRGKETQYF,6.9324178116769295e-09,34.0,514.2458692964178
7717,COVID-19-Convalescent,TRBV5-5*01,TRBJ2-2*01,CASSDSDRGHTGELFF,3.2494408496019807e-09,36.0,585.3250852887597
20655,Healthy (No known exposure),TRBV5-5*01,TRBJ2-3*01,CASSLVAAAADTQYF,3.8868686739224983e-10,34.0,504.3540699862426
7301,COVID-19-Convalescent,TRBV28*01,TRBJ2-7*01,CASSFRSDSYEQYF,1.434549619682318e-08,20.0,25135.88403325174
1886,COVID-19-Convalescent,TRBV19*01,TRBJ1-5*01,CASSIDSGGRGNQPQHF,2.2607950094401362e-10,36.0,567.4187593316585
7736,COVID-19-Convalescent,TRBV6-5*01,TRBJ2-5*01,CASSYLDSQETQYF,1.4483143459952334e-08,14.0,1779.514781183083
1886,COVID-19-Convalescent,TRBV27*01,TRBJ2-5*01,CASSPFGAPAGTQYF,1.026571600880415e-12,36.0,592.9425856334863
7736,COVID-19-Convalescent,TRBV19*01,TRBJ2-7*01,CASSMRTDSYEQYF,3.175954256995462e-09,20.0,8047.859980568842
7717,COVID-19-Convalescent,TRBV19*01,TRBJ2-5*01,CASNPGGGVETQYF,1.6887894043617688e-09,32.0,507.24095572756136
7736,COVID-19-Convalescent,TRBV28*01,TRBJ2-7*01,CASSRDSNSYEQYF,2.6837161339590486e-08,22.0,4432.801705126811
7717,COVID-19-Convalescent,TRBV6-5*01,TRBJ2-1*01,CASRQFNNEQFF,2.5704372696824645e-09,20.0,592.9425856334863
5649,COVID-19-Convalescent,TRBV12-1*01,TRBJ2-3*01,CASNFLGTPFTDTQYF,5.633250180146718e-13,36.0,592.9380755406336
7717,COVID-19-Convalescent,TRBV27*01,TRBJ2-7*01,CASSLTDSPYEQYF,2.351770964267217e-08,22.0,543.0195116600431
7736,COVID-19-Convalescent,TRBV28*01,TRBJ2-7*01,CASGRTSNSYEQYF,5.695015125528563e-10,32.0,2629.741906255856
20655,Healthy (No known exposure),TRBV9*01,TRBJ2-3*01,CASSVGGLAGVETDTQYF,3.5919605528803914e-11,28.0,518.0783832699418
7301,COVID-19-Convalescent,TRBV28*01,TRBJ2-7*01,CASSLRTDSYEQYF,8.285894244760345e-08,16.0,35974.79600998032
1886,COVID-19-Convalescent,TRBV28*01,TRBJ2-7*01,CASSLRTDSYEQYF,8.285894244760345e-08,16.0,35974.79600998032
5649,COVID-19-Convalescent,TRBV18*01,TRBJ2-1*01,CASSPAGQSYNEQFF,7.753662718799e-09,20.0,518.0783832699418
7717,COVID-19-Convalescent,TRBV21-1*01,TRBJ1-1*01,CASSKGGVDTEAFF,1.0451022134609967e-08,28.0,518.0783832699418
7736,COVID-19-Convalescent,TRBV4-2*01,TRBJ2-7*01,CASSQEFSGRGYEQYF,5.766038498790317e-10,22.0,592.9425856334863
7717,COVID-19-Convalescent,TRBV12-1*01,TRBJ2-7*01,CASSYQTDSYEQYF,6.214318731391107e-09,36.0,17279.393856845476
7736,COVID-19-Convalescent,TRBV12-1*01,TRBJ2-7*01,CASSLRTDSYEQYF,8.285894244760345e-08,36.0,12651.98229304175
1886,COVID-19-Convalescent,TRBV28*01,TRBJ2-7*01,CASSRKTDSYEQYF,6.4954009167227126e-09,22.0,34358.69312950127
7301,COVID-19-Convalescent,TRBV6-5*01,TRBJ2-5*01,CASRIQGGGGAQYF,8.344063130354608e-12,36.0,592.9425856334863
7717,COVID-19-Convalescent,TRBV5-5*01,TRBJ2-3*01,CASSFGQGAFTDTQYF,1.4578830652755815e-09,32.0,11641.55129737068
7736,COVID-19-Convalescent,TRBV28*01,TRBJ2-7*01,CASSRTSNSYEQYF,1.4129653761906194e-08,22.0,4827.034786938337
1886,COVID-19-Convalescent,TRBV21-1*01,TRBJ2-2*01,CASSKCILAGGTPGELFF,3.055493561053403e-14,36.0,592.9425856334863
7301,COVID-19-Convalescent,TRBV27*01,TRBJ2-1*01,CASSPSTGDGYNEQFF,2.8928784389636814e-10,34.0,568.8382886721613
7717,COVID-19-Convalescent,TRBV18*01,TRBJ2-7*01,CASSTGTVNPYEQYF,4.971816100473828e-10,34.0,518.0783832699418
7736,COVID-19-Convalescent,TRBV4-2*01,TRBJ2-7*01,CASSQEKSRGYEQYF,2.0683186907059084e-09,26.0,5499.363872658674
1886,COVID-19-Convalescent,TRBV3-1*01,TRBJ1-5*01,CASSQGGDLYQPQHF,9.713293747589062e-10,28.0,518.0783832699418
7717,COVID-19-Convalescent,TRBV19*01,TRBJ1-1*01,CASSNIYPEAFF,2.570395939514195e-10,36.0,496.69845849083237
1886,COVID-19-Convalescent,TRBV28*01,TRBJ2-7*01,CASSLRSDSYEQYF,3.6231352465665166e-08,10.0,15301.791042376968
7717,COVID-19-Convalescent,TRBV19*01,TRBJ2-3*01,CASSILLAGGPGDTQYF,1.6226858598702223e-10,36.0,10101.637684277808
7717,COVID-19-Convalescent,TRBV12-1*01,TRBJ1-2*01,CASSLQEGPGAYYGYTF,1.6888002824677322e-12,36.0,592.9425856334863
7736,COVID-19-Convalescent,TRBV6-6*01,TRBJ1-4*01,CASATGTGDEKLFF,6.822321569993008e-10,34.0,1092.9130945823024
7717,COVID-19-Convalescent,TRBV5-5*01,TRBJ2-4*01,CASSLGHDKNIQYF,2.230392603638622e-09,22.0,518.0783832699418
7736,COVID-19-Convalescent,TRBV21-1*01,TRBJ1-1*01,CASSKIGQVNTEAFF,8.597275345171517e-10,32.0,518.0783832699418
7717,COVID-19-Convalescent,TRBV19*01,TRBJ2-7*01,CASSTGAYEQYF,1.847426155779856e-06,10.0,1637.6223513569494
7736,COVID-19-Convalescent,TRBV12-1*01,TRBJ2-7*01,CASSRGTDSYEQYF,7.323123428683825e-08,36.0,17279.303122225818
7717,COVID-19-Convalescent,TRBV5-1*01,TRBJ1-1*01,CASSLFGPEAFF,1.861724700879247e-08,10.0,592.9425856334863
7736,COVID-19-Convalescent,TRBV19*01,TRBJ2-7*01,CASSMRTDSYEQYF,3.175954256995462e-09,20.0,8047.859980568842
19931,Healthy (No known exposure),TRBV27*01,TRBJ1-2*01,CASSLTVNYGYTF,1.1530377135596132e-07,20.0,473.1608626981545
7717,COVID-19-Convalescent,TRBV3-1*01,TRBJ2-1*01,CASSQDPPSSYNEQFF,1.1169478574701278e-08,22.0,1113.0229364170852
412,COVID-19-Convalescent,TRBV4-2*01,TRBJ1-1*01,CASSPGTEAFF,2.238248902284745e-06,22.0,382.6204334084409
7736,COVID-19-Convalescent,TRBV5-5*01,TRBJ2-2*01,CASSLGETSFTGELFF,1.5202865816969714e-10,36.0,585.3250852887597
7717,COVID-19-Convalescent,TRBV5-1*01,TRBJ1-5*01,CANGIFPGQEYNQPQHF,9.431525505417178e-16,36.0,592.9425856334863
7736,COVID-19-Convalescent,TRBV28*01,TRBJ2-7*01,CASSRRDSSYEQYF,2.171506160141232e-07,22.0,2705.179590581569
7717,COVID-19-Convalescent,TRBV19*01,TRBJ1-4*01,CASSIDLTLLSRQFPTNEKLFF,3.802048917405926e-18,36.0,592.9425856334863
7736,COVID-19-Convalescent,TRBV28*01,TRBJ2-7*01,CASSHRTDTYEQYF,3.8820822741046975e-09,22.0,23141.81321969207
20655,Healthy (No known exposure),TRBV20-1*01,TRBJ2-7*01,CSARGWVGNRSYEQYV,2.0332308942301158e-22,34.0,518.0783832699418
7301,COVID-19-Convalescent,TRBV28*01,TRBJ2-7*01,CASSRKTDSYEQYF,6.4954009167227126e-09,22.0,34358.69312950127
7717,COVID-19-Convalescent,TRBV12-1*01,TRBJ2-2*01,CASSLLAGPNTGELFF,5.558872646429095e-08,36.0,592.8865097297119
7736,COVID-19-Convalescent,TRBV28*01,TRBJ2-7*01,CASSLSSNSYEQYF,1.786854144210286e-08,20.0,19196.08388671085
1886,COVID-19-Convalescent,TRBV28*01,TRBJ2-7*01,CASSLRSDSYEQYF,3.6231352465665166e-08,10.0,15301.791042376968
7736,COVID-19-Convalescent,TRBV28*01,TRBJ2-7*01,CASSLRSDSYEQYF,3.6231352465665166e-08,10.0,15301.791042376968
7717,COVID-19-Convalescent,TRBV7-8*01,TRBJ1-5*01,CASTLAGNQPQHF,2.3231319626886448e-08,28.0,4585.3077030765635
7717,COVID-19-Convalescent,TRBV12-1*01,TRBJ2-1*01,CASSFVDYNEQFF,2.0492915564048328e-08,36.0,1002.3050083351719
7717,COVID-19-Convalescent,TRBV30*01,TRBJ2-7*01,CAWGRRTDTYEQYF,5.549155003394592e-12,34.0,566.4769531080907
7736,COVID-19-Convalescent,TRBV27*01,TRBJ2-7*01,CASSLVGAPVDEQYF,1.8691654393767712e-10,32.0,518.0783832699418
7717,COVID-19-Convalescent,TRBV11-2*01,TRBJ2-5*01,CASSLFQGETQYF,3.9695898921005586e-08,20.0,1113.0229364170852
1886,COVID-19-Convalescent,TRBV19*01,TRBJ2-1*01,CASSITLAGGPGNEQFF,1.5002503025233916e-10,34.0,4711.754852351101
7736,COVID-19-Convalescent,TRBV28*01,TRBJ2-7*01,CASSLRTDSYEQYF,8.285894244760345e-08,16.0,35974.79600998032
7717,COVID-19-Convalescent,TRBV3-1*01,TRBJ2-1*01,CASSLTSGGLYNEQFF,1.2204433407872065e-08,32.0,546.0956649819238
7736,COVID-19-Convalescent,TRBV28*01,TRBJ2-7*01,CASSLRTDSYEQYF,8.285894244760345e-08,16.0,35974.79600998032
7717,COVID-19-Convalescent,TRBV6-5*01,TRBJ2-7*01,CASGRSTDSYEQYF,2.4061734061829655e-10,32.0,518.0783832699418
7736,COVID-19-Convalescent,TRBV28*01,TRBJ2-7*01,CASSLHSDSYEQYF,8.74528802251274e-09,16.0,3213.4142569647247
7717,COVID-19-Convalescent,TRBV12-1*01,TRBJ1-5*01,CASSLVAGINQPQHF,5.4997807335781355e-09,36.0,592.9090240600034
7736,COVID-19-Convalescent,TRBV28*01,TRBJ2-7*01,CASSLRTNSYEQYF,3.3833016596535534e-08,10.0,15301.791042376968
7717,COVID-19-Convalescent,TRBV18*01,TRBJ1-2*01,CASSLDPGPSRAGYTF,4.331363640653626e-12,36.0,592.9425856334863
7301,COVID-19-Convalescent,TRBV4-2*01,TRBJ2-7*01,CASSQEGGRAYEQYF,4.953433070210827e-08,20.0,6924.582141924381
20655,Healthy (No known exposure),TRBV19*01,TRBJ2-2*01,CASSIGTGHGELFF,1.3523562899636106e-09,34.0,507.8989269857661
7736,COVID-19-Convalescent,TRBV28*01,TRBJ2-7*01,CASSLRSNSYEQYF,1.8187070482868666e-08,10.0,12920.48808123161
7717,COVID-19-Convalescent,TRBV6-1*01,TRBJ2-1*01,CASSESSGDIYNEQFF,1.842358089468201e-10,34.0,1113.0229364170852
7736,COVID-19-Convalescent,TRBV28*01,TRBJ2-7*01,CASSWRTDSYEQYF,8.624421763393667e-09,20.0,28276.340277221963
1886,COVID-19-Convalescent,TRBV28*01,TRBJ2-7*01,CASSRRTDSYEQYF,3.544276227203388e-08,22.0,36403.3106820434
7717,COVID-19-Convalescent,TRBV2*01,TRBJ2-1*01,CASRDGSVKQFF,6.748865336700133e-12,32.0,592.9425856334863
1886,COVID-19-Convalescent,TRBV5-1*01,TRBJ1-4*01,CASSPENDEKLFF,1.106744915121971e-09,22.0,592.9425856334863
7736,COVID-19-Convalescent,TRBV28*01,TRBJ2-7*01,CASSRRTDSYEQYF,3.544276227203388e-08,22.0,36403.3106820434
178,COVID-19-Convalescent,TRBV5-5*01,TRBJ2-3*01,CASSFGQGAFSDTQYF,1.2221610166095498e-10,36.0,11709.475559050512
11011,Healthy (No known exposure),TRBV15*01,TRBJ2-7*01,CATSRGGGGSYEQYF,2.047519265730974e-08,32.0,518.0783832699418
7736,COVID-19-Convalescent,TRBV19*01,TRBJ1-1*01,CASSPNEGWTEAFF,1.2440990758326148e-10,36.0,1740.6213125143781
6890,COVID-19-Convalescent,TRBV28*01,TRBJ2-7*01,CASSLKTNSYEQYF,7.171563224095869e-09,16.0,16831.79790143311
11011,Healthy (No known exposure),TRBV7-9*01,TRBJ2-1*01,CASSLGQGIYNEQFF,2.7742673743086345e-08,22.0,518.0783832699418
7736,COVID-19-Convalescent,TRBV4-2*01,TRBJ2-7*01,CASSQDPGEGYEQYF,2.22686903524416e-08,16.0,581.759775243959
6890,COVID-19-Convalescent,TRBV20-1*01,TRBJ2-7*01,CSASHTIDSYEQYF,1.4120060150443734e-11,32.0,518.0783832699418
11011,Healthy (No known exposure),TRBV12-1*01,TRBJ2-1*01,CASSLTKSYNEQFF,1.751562614488532e-08,36.0,1267.419272794989
5649,COVID-19-Convalescent,TRBV19*01,TRBJ2-3*01,CASSVILAGGPGDTQYF,8.994880435380009e-11,36.0,10436.591157973055
178,COVID-19-Convalescent,TRBV4-2*01,TRBJ2-7*01,CASSQEGGRAYEQYF,4.953433070210827e-08,20.0,6924.582141924381
11011,Healthy (No known exposure),TRBV5-5*01,TRBJ2-3*01,CASSLGDRGSDTQYF,2.122452918501119e-08,28.0,551.0353646256598
7736,COVID-19-Convalescent,TRBV3-1*01,TRBJ2-2*01,CASSQVKGPTGELFF,2.109329571606883e-09,32.0,518.0783832699418
1005703,COVID-19-Convalescent,TRBV12-1*01,TRBJ2-1*01,WRDIRECCSYNEQFF,6.675367486538111e-17,36.0,592.9403093405629
11011,Healthy (No known exposure),TRBV12-1*01,TRBJ2-1*01,CASSPTLYNEQFF,7.580178716888794e-08,36.0,1357.391664918243
7736,COVID-19-Convalescent,TRBV3-1*01,TRBJ2-1*01,CASSQDPPSSYNEQFF,1.1169478574701278e-08,22.0,1113.0229364170852
1005703,COVID-19-Convalescent,TRBV19*01,TRBJ2-3*01,CASSMILAGGPGDTQYF,1.6495705114693988e-11,36.0,9634.709879326263
11011,Healthy (No known exposure),TRBV9*01,TRBJ2-7*01,CASSVASGETYEQYF,3.5240005924461387e-09,20.0,518.0783832699418
7736,COVID-19-Convalescent,TRBV28*01,TRBJ2-7*01,CASSLKTDSYEQYF,2.1463216770851483e-08,16.0,33222.592358089016
1005703,COVID-19-Convalescent,TRBV19*01,TRBJ2-3*01,CASSILLAGGPGDTQYF,1.6226858598702223e-10,36.0,10101.637684277808
11011,Healthy (No known exposure),TRBV5-1*01,TRBJ2-5*01,CASSLAAPQETQYF,2.9439067688124843e-08,20.0,518.0783832699418
7736,COVID-19-Convalescent,TRBV28*01,TRBJ2-7*01,CASSFRTDSYEQYF,3.7466573796503237e-08,14.0,27427.422273486758
178,COVID-19-Convalescent,TRBV28*01,TRBJ2-7*01,CASSRKTDLYEQYF,7.926863042450047e-10,34.0,38205.385542129436
11011,Healthy (No known exposure),TRBV3-1*01,TRBJ2-1*01,CASSRTTSGGAYNEQFF,1.7810355158789094e-09,32.0,503.4750952266337
7736,COVID-19-Convalescent,TRBV6-5*01,TRBJ2-5*01,CASRPQVGGETQYF,4.661353085267988e-10,34.0,535.6127009838024
1005703,COVID-19-Convalescent,TRBV27*01,TRBJ2-7*01,CASSLYGTNSYEQYF,1.7539509340779532e-09,20.0,1113.0229364170852
11011,Healthy (No known exposure),TRBV29-1*01,TRBJ2-2*01,CSVDSLNTGELFF,2.705797500805699e-09,22.0,508.85086218635865
7301,COVID-19-Convalescent,TRBV28*01,TRBJ2-7*01,CASSLKTNSYEQYF,7.171563224095869e-09,16.0,16831.79790143311
3422,COVID-19-Convalescent,TRBV28*01,TRBJ2-7*01,CASSQNTLSYEQYF,2.223477771787776e-09,28.0,502.7768719951308
11011,Healthy (No known exposure),TRBV27*01,TRBJ2-1*01,CASSLGGAYNEQFF,8.708088197151461e-07,10.0,398.2966603346101
7301,COVID-19-Convalescent,TRBV28*01,TRBJ2-7*01,CASSLRSNSYEQYF,1.8187070482868666e-08,10.0,12920.48808123161
3422,COVID-19-Convalescent,TRBV18*01,TRBJ2-1*01,CASSPPSGRAHSIQFF,3.8342766483218366e-18,36.0,592.9425856334863
11011,Healthy (No known exposure),TRBV20-1*01,TRBJ2-7*01,CSARDGGGSYEQYF,6.547842860616434e-08,10.0,592.9425856334863
5649,COVID-19-Convalescent,TRBV28*01,TRBJ2-7*01,CASSLRQNSYEQYF,2.5525262417186252e-08,10.0,592.9425856334863
3422,COVID-19-Convalescent,TRBV19*01,TRBJ2-7*01,CASSTGAYEQYF,1.847426155779856e-06,10.0,1637.6223513569494
11011,Healthy (No known exposure),TRBV5-4*01,TRBJ2-5*01,CASRSSGGNPRETQYF,6.109419932562452e-12,36.0,592.9425856334863
5649,COVID-19-Convalescent,TRBV11-2*01,TRBJ2-1*01,CASSSGDTLNEQFF,6.480841743232776e-10,34.0,592.9425856334863
1005703,COVID-19-Convalescent,TRBV3-1*01,TRBJ1-6*01,CASSLTGVATSPLHF,7.976823239032602e-11,36.0,592.9425856334863
5649,COVID-19-Convalescent,TRBV28*01,TRBJ2-7*01,CASSLRSDSYEQYF,3.6231352465665166e-08,10.0,15301.791042376968
1005703,COVID-19-Convalescent,TRBV7-8*01,TRBJ1-5*01,CASSLVGNQPQHF,3.8644582092456007e-07,10.0,2695.771858455986
5649,COVID-19-Convalescent,TRBV12-1*01,TRBJ2-1*01,CASSLTDAYNEQFF,1.408688559577492e-08,36.0,1624.660400381572
3422,COVID-19-Convalescent,TRBV28*01,TRBJ2-7*01,CASSEHSNSYEQYF,1.2010300816975546e-09,28.0,24363.505513642416
5649,COVID-19-Convalescent,TRBV12-1*01,TRBJ2-3*01,CASSFGQGTDTQYF,1.3526445863496886e-07,36.0,1565.490850943241
178,COVID-19-Convalescent,TRBV28*01,TRBJ2-7*01,CASSFHTNSYEQYF,1.3093141656138207e-09,22.0,9743.285424972237
7301,COVID-19-Convalescent,TRBV6-5*01,TRBJ2-7*01,CASSYGGGEQYF,2.4495884056098184e-07,10.0,592.9425856334863
3422,COVID-19-Convalescent,TRBV5-1*01,TRBJ2-1*01,CASSYERESSYNEQFF,4.520973536936615e-09,26.0,1113.0229364170852
7301,COVID-19-Convalescent,TRBV6-5*01,TRBJ2-5*01,CASSYLDSQETQYF,1.4483143459952334e-08,14.0,1779.514781183083
1005703,COVID-19-Convalescent,TRBV6-5*01,TRBJ1-5*01,CASRPYNGIQHF,5.071914903250586e-14,34.0,518.0783832699418
7301,COVID-19-Convalescent,TRBV20-1*01,TRBJ1-2*01,CSALGQVDNYGYTF,1.513216036918246e-10,32.0,1779.514781183083
1005703,COVID-19-Convalescent,TRBV20-1*01,TRBJ1-2*01,CSALRQVQAYGYTF,2.4928145878663065e-12,36.0,2538.960883994913
3646,COVID-19-Convalescent,TRBV19*01,TRBJ1-1*01,CASSISDWSEAFF,7.452061177325088e-11,36.0,1079.4384684234037
3422,COVID-19-Convalescent,TRBV5-5*01,TRBJ2-3*01,CASSFGQGAFTDTQYF,1.4578830652755815e-09,32.0,11641.55129737068
7301,COVID-19-Convalescent,TRBV28*01,TRBJ2-7*01,CASSRRDSSYEQYF,2.171506160141232e-07,22.0,2705.179590581569
1005703,COVID-19-Convalescent,TRBV19*01,TRBJ2-3*01,CASSPTLAGKSSTDTQYF,6.48863048890094e-11,36.0,1108.5185305307973
7717,COVID-19-Convalescent,TRBV20-1*01,TRBJ1-2*01,CSAQRQVDYYGYTF,2.4384304470015547e-12,32.0,537.1957516566881
1005703,COVID-19-Convalescent,TRBV3-1*01,TRBJ2-5*01,CASSLTGLGYETQYF,4.054675153766174e-10,34.0,518.0783832699418
5649,COVID-19-Convalescent,TRBV5-1*01,TRBJ2-1*01,CASSLERESSYNEQFF,2.8528555004383826e-08,22.0,1113.0229364170852
1005703,COVID-19-Convalescent,TRBV18*01,TRBJ1-4*01,CASSGQEKKLFF,1.4793740108001189e-09,36.0,501.624835953052
3646,COVID-19-Convalescent,TRBV19*01,TRBJ1-1*01,CASSITGWTEAFF,3.941428527479704e-09,22.0,1107.092993517945
6913,COVID-19-Convalescent,TRBV3-1*01,TRBJ2-3*01,CASSLTSQGTQYF,1.513099264528371e-09,28.0,518.0783832699418
5649,COVID-19-Convalescent,TRBV14*01,TRBJ2-1*01,CASSQEFSGTSYNEQFF,3.4010689826097686e-10,32.0,592.9425856334863
6913,COVID-19-Convalescent,TRBV4-2*01,TRBJ2-7*01,CASSQEPGPTYEQYF,6.345742067990186e-09,16.0,592.9425856334863
5649,COVID-19-Convalescent,TRBV19*01,TRBJ2-2*01,CASSMQLYTGELFF,2.5126306293286146e-10,34.0,1090.095794025485
6913,COVID-19-Convalescent,TRBV19*01,TRBJ1-1*01,CASSATGWTEAFF,8.797726578403551e-09,22.0,1228.5601058681516
5649,COVID-19-Convalescent,TRBV20-1*01,TRBJ1-2*01,CSARRDRDNYGYTF,5.240116641428946e-09,20.0,518.0783832699418
6913,COVID-19-Convalescent,TRBV28*01,TRBJ2-7*01,CASSFRTDSYEQYF,3.7466573796503237e-08,14.0,27427.422273486758
5649,COVID-19-Convalescent,TRBV19*01,TRBJ1-2*01,CASSQDTLGGYTF,5.757983567429168e-09,36.0,504.0615201341965
1005703,COVID-19-Convalescent,TRBV10-3*01,TRBJ2-2*01,CAISRETGELFF,5.210260036526889e-09,22.0,518.0783832699418
5649,COVID-19-Convalescent,TRBV5-5*01,TRBJ2-3*01,CASSLGQGAFTDTQYF,6.93338727035842e-09,22.0,11348.553969446315
178,COVID-19-Convalescent,TRBV28*01,TRBJ2-7*01,CASNFRTDSYEQYF,2.350379658543071e-10,22.0,27403.036560880093
7301,COVID-19-Convalescent,TRBV28*01,TRBJ2-7*01,CASSFRTDSYEQYF,3.7466573796503237e-08,14.0,27427.422273486758
1005703,COVID-19-Convalescent,TRBV3-1*01,TRBJ1-2*01,CASSLTHVPPNYGYTF,9.940109268313509e-12,36.0,592.9425856334863
5649,COVID-19-Convalescent,TRBV9*01,TRBJ2-2*01,CASSGEAGVTGELFF,1.1174572721531158e-09,32.0,572.7569564081105
6913,COVID-19-Convalescent,TRBV28*01,TRBJ2-7*01,CASSLRTDSYEQYF,8.285894244760345e-08,16.0,35974.79600998032
5649,COVID-19-Convalescent,TRBV27*01,TRBJ2-7*01,CASSLTASLYEQYF,4.103818156948551e-09,22.0,592.9425856334863
1005703,COVID-19-Convalescent,TRBV27*01,TRBJ2-3*01,CATGTSVGDTQYF,6.699759947473125e-10,34.0,503.3838265302919
5649,COVID-19-Convalescent,TRBV19*01,TRBJ2-1*01,CASSISLGPYNEQFF,1.610599582812946e-09,20.0,518.0783832699418
6913,COVID-19-Convalescent,TRBV5-1*01,TRBJ2-5*01,CASSLHGGGETQYF,2.186116135475433e-08,16.0,1237.7982850815765
5649,COVID-19-Convalescent,TRBV28*01,TRBJ2-7*01,CASSLRTDNYEQYF,6.225037439927672e-09,22.0,35867.438088671784
6913,COVID-19-Convalescent,TRBV20-1*01,TRBJ1-2*01,CSASLQVDNYGYTF,8.135408283281051e-11,32.0,790.5950866930401
5649,COVID-19-Convalescent,TRBV19*01,TRBJ1-5*01,CASSGQFYNQPQHF,1.984093255802828e-09,34.0,567.4187593316585
6913,COVID-19-Convalescent,TRBV28*01,TRBJ2-7*01,CASSLRTDSYEQYF,8.285894244760345e-08,16.0,35974.79600998032
5649,COVID-19-Convalescent,TRBV28*01,TRBJ2-7*01,CASLQVIDSYEQYF,1.8312941650554534e-11,34.0,560.4159405090186
6913,COVID-19-Convalescent,TRBV28*01,TRBJ2-7*01,CASSRSSNAYEQYF,1.0254110385671337e-09,28.0,3975.288045441944
7736,COVID-19-Convalescent,TRBV28*01,TRBJ2-7*01,CASSLRTDSYEQYF,8.285894244760345e-08,16.0,35974.79600998032
1005703,COVID-19-Convalescent,TRBV4-2*01,TRBJ2-7*01,CASSQEGGRQGSYEQYF,5.591727216405428e-10,32.0,1899.0431466560917
7736,COVID-19-Convalescent,TRBV28*01,TRBJ2-7*01,CASSFRTDSYEQYF,3.7466573796503237e-08,14.0,27427.422273486758
178,COVID-19-Convalescent,TRBV28*01,TRBJ2-7*01,CASSFRSNAYEQYF,1.278286611703693e-09,22.0,10134.696474045608
7301,COVID-19-Convalescent,TRBV28*01,TRBJ2-7*01,CASSRRTDSYEQYF,3.544276227203388e-08,22.0,36403.3106820434
178,COVID-19-Convalescent,TRBV3-1*01,TRBJ2-5*01,CASSPILAGTSGGEFSETQYF,2.99975606774985e-16,36.0,592.9425856334863
7736,COVID-19-Convalescent,TRBV4-2*01,TRBJ2-7*01,CASSQEGGVAYEQYF,1.925486258125397e-08,20.0,3887.334888644953
178,COVID-19-Convalescent,TRBV28*01,TRBJ2-7*01,CASSEKTDTYEQYF,1.2404678261483435e-09,28.0,28571.880208603197
5649,COVID-19-Convalescent,TRBV5-1*01,TRBJ2-5*01,CASSLHGGGETQYF,2.186116135475433e-08,16.0,1237.7982850815765
1005703,COVID-19-Convalescent,TRBV9*01,TRBJ2-7*01,CASGAGTDSYEQYF,2.498470480953759e-09,32.0,1237.7982850815765
7301,COVID-19-Convalescent,TRBV28*01,TRBJ2-7*01,CASIANLRDRGPEQYF,1.7509173836419392e-13,36.0,592.9425856334863
6913,COVID-19-Convalescent,TRBV3-1*01,TRBJ2-1*01,CASSLTAGGPTEQFF,7.408700193759371e-11,32.0,518.0783832699418
3646,COVID-19-Convalescent,TRBV3-1*01,TRBJ1-2*01,CASSLGALGRYTF,1.9482490000315842e-10,36.0,592.9425856334863
178,COVID-19-Convalescent,TRBV6-1*01,TRBJ2-1*01,CASSPASGDIYNEQFF,2.279422841618448e-10,36.0,1113.0229364170852
5649,COVID-19-Convalescent,TRBV19*01,TRBJ2-7*01,CASSRRTDSYEQYF,3.544276227203388e-08,22.0,9546.40770744654
6913,COVID-19-Convalescent,TRBV4-2*01,TRBJ2-7*01,CASSQEGGRAYEQYF,4.953433070210827e-08,20.0,6924.582141924381
3646,COVID-19-Convalescent,TRBV25-1*01,TRBJ2-1*01,CASSESGQGWYNEQFF,5.68613191292197e-10,22.0,518.0783832699418
178,COVID-19-Convalescent,TRBV28*01,TRBJ2-7*01,CASSLNSNSYEQYF,6.2869429829281075e-09,20.0,7808.845637907866
5649,COVID-19-Convalescent,TRBV27*01,TRBJ2-6*01,CASSLSAGGASGANVLTF,1.0647246245947556e-09,32.0,566.2829933641424
178,COVID-19-Convalescent,TRBV20-1*01,TRBJ1-2*01,CSARQEIVNYGYTF,1.9643815973490414e-11,26.0,592.9425856334863
5649,COVID-19-Convalescent,TRBV29-1*01,TRBJ2-3*01,CSVDSGSSTDTQYF,2.041957631752049e-09,16.0,1344.7432556418414
178,COVID-19-Convalescent,TRBV12-1*01,TRBJ2-3*01,CASGRGGTDTQYF,1.5286423801225125e-07,36.0,1022.3977837797162
5649,COVID-19-Convalescent,TRBV12-1*01,TRBJ2-5*01,CASSLWQGETQYF,2.1548984187279026e-08,36.0,3809.9804359551936
178,COVID-19-Convalescent,TRBV12-1*01,TRBJ1-1*01,CASSLGGGLNTEAFF,2.4759865412409743e-07,36.0,2677.0776911522244
3646,COVID-19-Convalescent,TRBV5-5*01,TRBJ2-3*01,CASSAGQGAFTDTQYF,1.4806235390720813e-09,34.0,11272.001643539978
178,COVID-19-Convalescent,TRBV5-5*01,TRBJ1-2*01,CASSSEGRFYGYTF,2.9433894323459e-09,26.0,518.0783832699418
7717,COVID-19-Convalescent,TRBV4-2*01,TRBJ2-7*01,CASSQEVPPAYEQYF,6.558326260390722e-10,28.0,561.7257069029628
178,COVID-19-Convalescent,TRBV5-1*01,TRBJ2-5*01,CASSLGTDQETQYF,8.220485740308883e-08,10.0,518.0783832699418
7301,COVID-19-Convalescent,TRBV28*01,TRBJ2-7*01,CASSLNSNSYEQYF,6.2869429829281075e-09,20.0,7808.845637907866
178,COVID-19-Convalescent,TRBV5-5*01,TRBJ2-3*01,CASSYGQGSFTDTQYF,5.291569683868653e-10,34.0,11253.18421861882
7301,COVID-19-Convalescent,TRBV5-1*01,TRBJ2-1*01,CASSGDSVRWQFF,2.304273653356752e-12,34.0,592.9425856334863
178,COVID-19-Convalescent,TRBV28*01,TRBJ2-7*01,CASSLRTDAYEQYF,1.790134964361403e-08,20.0,19622.860080639624
5649,COVID-19-Convalescent,TRBV4-2*01,TRBJ2-7*01,CASSQDYHQTYEQYF,6.468248983438327e-11,22.0,1237.7982850815765
178,COVID-19-Convalescent,TRBV7-8*01,TRBJ1-5*01,CASSFLGNQPQHF,2.0943779713338546e-07,26.0,4036.152187242683
7301,COVID-19-Convalescent,TRBV27*01,TRBJ2-3*01,CASSRAGAPVDTQYF,1.3847710148135728e-10,34.0,592.9425856334863
178,COVID-19-Convalescent,TRBV6-2*01,TRBJ2-2*01,CASSYLTANTGELFF,1.1473574906972573e-08,22.0,518.0717128306889
5649,COVID-19-Convalescent,TRBV7-9*01,TRBJ2-7*01,CASSLFLAGYEQYF,5.7600598895544455e-08,22.0,518.0783832699418
178,COVID-19-Convalescent,TRBV5-5*01,TRBJ2-3*01,CASSLGQGAFTDTQYF,6.93338727035842e-09,22.0,11348.553969446315
5649,COVID-19-Convalescent,TRBV28*01,TRBJ2-7*01,CASSFRDSSYEQYF,2.394184688280351e-07,20.0,2378.8433963431507
178,COVID-19-Convalescent,TRBV4-2*01,TRBJ2-7*01,CASSQEGGRSYEQYF,7.629059941889895e-08,16.0,4868.116431108769
7301,COVID-19-Convalescent,TRBV28*01,TRBJ2-7*01,CASSRRDSSYEQYF,2.171506160141232e-07,22.0,2705.179590581569
178,COVID-19-Convalescent,TRBV28*01,TRBJ2-7*01,CASGGRTDAYEQYF,2.117001014017669e-10,28.0,6416.23857860114
5649,COVID-19-Convalescent,TRBV12-1*01,TRBJ2-5*01,CASSFWQGETQYF,6.677573727395661e-09,36.0,2652.0151526465584
178,COVID-19-Convalescent,TRBV24-1*01,TRBJ1-5*01,CATSDSKVGDIYQPQHF,7.678092582804767e-14,36.0,592.9425856334863
3646,COVID-19-Convalescent,TRBV11-2*01,TRBJ2-3*01,CASSDGADTQYF,1.8989565480938973e-07,10.0,588.4651205381093
178,COVID-19-Convalescent,TRBV5-5*01,TRBJ2-3*01,CASSLGQGAFTDTQYF,6.93338727035842e-09,22.0,11348.553969446315
7736,COVID-19-Convalescent,TRBV28*01,TRBJ2-7*01,CASSQHSNSYEQYF,1.4066926937538933e-09,28.0,24219.36588740592
178,COVID-19-Convalescent,TRBV19*01,TRBJ2-2*01,CASSMILATGELFF,2.997429635392393e-10,34.0,1090.095794025485
5649,COVID-19-Convalescent,TRBV7-2*01,TRBJ1-1*01,CASSLTVAHRGPRNTEAFF,2.64778652900411e-13,36.0,592.9425856334863
178,COVID-19-Convalescent,TRBV6-6*01,TRBJ1-4*01,CASITGTGDEKLFF,2.637468873398479e-09,34.0,1206.6897273682616
3646,COVID-19-Convalescent,TRBV3-1*01,TRBJ2-7*01,CASEAGGGPYEQYF,1.309854302810338e-09,34.0,567.531421314143
178,COVID-19-Convalescent,TRBV28*01,TRBJ2-7*01,CASSFNTNKYEQYF,1.618798929445957e-11,32.0,5205.9591579904745
7301,COVID-19-Convalescent,TRBV19*01,TRBJ2-1*01,CAGRDIPYNEQFF,1.909312520516944e-10,22.0,505.6822187562709
178,COVID-19-Convalescent,TRBV28*01,TRBJ2-7*01,CASSHRTDSYEQYF,2.001257891835701e-08,22.0,39050.15528976741
5649,COVID-19-Convalescent,TRBV12-1*01,TRBJ1-2*01,CASSLMGGKIYGYTF,1.0497545639727574e-10,36.0,592.9369333958205
178,COVID-19-Convalescent,TRBV5-1*01,TRBJ2-5*01,CASSQYMGFQETQYF,3.0155421729201175e-11,28.0,592.9425856334863
7301,COVID-19-Convalescent,TRBV4-2*01,TRBJ2-7*01,CASSQEGSRAYEQYF,6.873344956825091e-09,22.0,5670.362797382797
178,COVID-19-Convalescent,TRBV6-5*01,TRBJ2-5*01,CASSYLDSQETQYF,1.4483143459952334e-08,14.0,1779.514781183083
7717,COVID-19-Convalescent,TRBV3-1*01,TRBJ1-2*01,CASSLSPNLDGYTF,1.3190624976962754e-10,36.0,550.8781658877293
178,COVID-19-Convalescent,TRBV19*01,TRBJ1-6*01,CASSITLGSQSPLHF,1.6838834047062108e-12,36.0,915.3704353575314
5649,COVID-19-Convalescent,TRBV19*01,TRBJ1-5*01,CASSIVRGMNQPQHF,2.567403328519238e-10,32.0,506.8936556258946
178,COVID-19-Convalescent,TRBV28*01,TRBJ2-7*01,CASSFRTDSYEQYF,3.7466573796503237e-08,14.0,27427.422273486758
7717,COVID-19-Convalescent,TRBV3-1*01,TRBJ1-1*01,CASSLTAGSAGTEAFF,2.3561396073852842e-11,36.0,592.9425856334863
178,COVID-19-Convalescent,TRBV5-5*01,TRBJ2-3*01,CASSPGQGAGFDTQYF,1.0818362682753473e-10,36.0,5823.106160762246
5649,COVID-19-Convalescent,TRBV28*01,TRBJ2-7*01,CASGIKTDSYEQYF,4.529754996919289e-11,34.0,42005.60631674101
178,COVID-19-Convalescent,TRBV12-1*01,TRBJ1-1*01,CASTLGGGMNTEAFF,6.340434995217607e-09,36.0,1942.5195949329252
5649,COVID-19-Convalescent,TRBV27*01,TRBJ2-5*01,CASSLFAMAGVVPQETQYF,1.116785474751909e-15,36.0,592.9425856334863
178,COVID-19-Convalescent,TRBV19*01,TRBJ2-3*01,CASSILLSGGPSDTQYF,3.4431349367760426e-12,36.0,8566.184173889644
5649,COVID-19-Convalescent,TRBV28*01,TRBJ2-7*01,CASSRRTDNYEQYF,2.501018929901789e-09,28.0,31387.087145137222
178,COVID-19-Convalescent,TRBV5-5*01,TRBJ2-3*01,CASSSGQGAFTDTQYF,3.036672729808997e-09,34.0,11253.18421861882
5649,COVID-19-Convalescent,TRBV4-2*01,TRBJ2-7*01,CASSQEGGRGYEQYF,4.3104816552957324e-08,16.0,4660.668358408519
178,COVID-19-Convalescent,TRBV3-1*01,TRBJ2-5*01,CASSQEEGRGTNGRKETQYF,5.525269014240061e-16,36.0,592.9425856334863
5649,COVID-19-Convalescent,TRBV28*01,TRBJ2-7*01,CASSLKTDAYEQYF,4.69175544945079e-09,22.0,33696.26225858412
178,COVID-19-Convalescent,TRBV6-2*01,TRBJ2-7*01,CASSYSIASGGSYEQYF,4.3934742161541686e-10,28.0,1113.021082801487
5649,COVID-19-Convalescent,TRBV2*01,TRBJ2-7*01,CASSDWQGYYEQYF,7.164616744236536e-10,22.0,592.9425856334863
178,COVID-19-Convalescent,TRBV27*01,TRBJ2-3*01,CASSLQIGGVGTDTQYF,6.895726601285471e-11,34.0,518.0783832699418
5649,COVID-19-Convalescent,TRBV6-1*01,TRBJ2-1*01,CALGGSFYNEQFF,4.1842705508208437e-10,26.0,446.54763040181535
178,COVID-19-Convalescent,TRBV28*01,TRBJ2-7*01,CASSFRSDSYEQYF,1.434549619682318e-08,20.0,25135.88403325174
7301,COVID-19-Convalescent,TRBV19*01,TRBJ1-1*01,CATNRAGNTEAFF,5.351027837520547e-09,26.0,547.1846276535714
178,COVID-19-Convalescent,TRBV5-5*01,TRBJ2-3*01,CASSAGQGAFTDTQYF,1.4806235390720813e-09,34.0,11272.001643539978
7717,COVID-19-Convalescent,TRBV5-5*01,TRBJ2-3*01,CASSIGQGAFTDTQYF,7.733818593057738e-10,28.0,11310.018676249569
178,COVID-19-Convalescent,TRBV23-1*01,TRBJ2-7*01,CASSQLQASYEQYF,6.3051258212490734e-09,36.0,506.20798823010557
7736,COVID-19-Convalescent,TRBV7-8*01,TRBJ1-5*01,CASSLVGNQPQHF,3.8644582092456007e-07,10.0,2695.771858455986
178,COVID-19-Convalescent,TRBV7-2*01,TRBJ2-2*01,CASSLTGGGSYAGELFF,7.642752173214389e-12,36.0,592.9425856334863
7717,COVID-19-Convalescent,TRBV27*01,TRBJ2-1*01,CASSFVSYNEQFF,6.057549173874277e-08,22.0,504.24154873464926
178,COVID-19-Convalescent,TRBV12-1*01,TRBJ1-1*01,CASSPGGALNTEAFF,4.848355395131313e-08,36.0,1237.7201990927126
7736,COVID-19-Convalescent,TRBV19*01,TRBJ1-6*01,CASSITLTGAGSPLHF,6.848843619540018e-12,36.0,1237.7982850815765
178,COVID-19-Convalescent,TRBV6-5*01,TRBJ2-5*01,CASSYLDSQETQYF,1.4483143459952334e-08,14.0,1779.514781183083
5649,COVID-19-Convalescent,TRBV12-1*01,TRBJ2-5*01,CASSSFQGETQYF,1.2070241663785789e-08,36.0,3428.724507915775
178,COVID-19-Convalescent,TRBV29-1*01,TRBJ2-3*01,CSVDAPGSSTDTQYF,4.393812733236964e-11,32.0,1833.6126046725844
3646,COVID-19-Convalescent,TRBV3-1*01,TRBJ1-5*01,CASSLTGGGNQPQHF,3.095017256660819e-07,22.0,368.3524806712912
178,COVID-19-Convalescent,TRBV6-2*01,TRBJ2-7*01,CASSYSIASGGAYEQYF,2.717753156439729e-10,32.0,1779.5122581878381
5649,COVID-19-Convalescent,TRBV10-1*01,TRBJ2-7*01,CASSERTDSYEQYF,2.33154953043917e-08,22.0,518.0783832699418
178,COVID-19-Convalescent,TRBV4-2*01,TRBJ2-7*01,CASSQDYHGTYEQYF,3.906331259436704e-10,22.0,1237.7982850815765
5649,COVID-19-Convalescent,TRBV28*01,TRBJ2-7*01,CASSLKTDSYEQYF,2.1463216770851483e-08,16.0,33222.592358089016
178,COVID-19-Convalescent,TRBV19*01,TRBJ2-7*01,CASSTGAYEQYF,1.847426155779856e-06,10.0,1637.6223513569494
7717,COVID-19-Convalescent,TRBV28*01,TRBJ2-7*01,CASSFRTDTYEQYF,7.400927898384957e-09,20.0,12490.189401103446
178,COVID-19-Convalescent,TRBV28*01,TRBJ2-7*01,CASSRRDSSYEQYF,2.171506160141232e-07,22.0,2705.179590581569
5649,COVID-19-Convalescent,TRBV12-1*01,TRBJ1-1*01,CASIWAISEAFF,7.983694255981446e-11,36.0,592.9411825758585
178,COVID-19-Convalescent,TRBV28*01,TRBJ2-7*01,CASSLGTDSYEQYF,1.6671502428176705e-07,20.0,11510.724605992702
5649,COVID-19-Convalescent,TRBV19*01,TRBJ2-1*01,CASSIQSGITEQFF,8.7796540769936e-12,32.0,509.96554726180847
178,COVID-19-Convalescent,TRBV7-8*01,TRBJ1-5*01,CASSYLGNQPQHF,1.9167151698039234e-07,22.0,4510.827356929829
3646,COVID-19-Convalescent,TRBV13*01,TRBJ2-7*01,CASSLSSGEQYF,1.6129669977341171e-07,10.0,592.9425856334863
178,COVID-19-Convalescent,TRBV27*01,TRBJ2-1*01,CASSLSVDEQFF,3.6206921743039396e-08,20.0,429.37734637110486
5649,COVID-19-Convalescent,TRBV19*01,TRBJ2-4*01,CASSTILAGGPGDIQYF,1.2139418082829791e-12,36.0,7929.278594130534
178,COVID-19-Convalescent,TRBV3-1*01,TRBJ2-7*01,CASSQEYRSTTREYF,5.631757048472448e-15,36.0,592.9425856334863
5649,COVID-19-Convalescent,TRBV20-1*01,TRBJ2-7*01,CSAFGRIDSYEQYF,1.5746584687270766e-11,26.0,518.0783832699418
178,COVID-19-Convalescent,TRBV28*01,TRBJ2-7*01,CASSFRTDSYEQYF,3.7466573796503237e-08,14.0,27427.422273486758
5649,COVID-19-Convalescent,TRBV25-1*01,TRBJ2-1*01,CASSTPGSGWYNEQFF,4.290218153139193e-11,34.0,518.0783832699418
178,COVID-19-Convalescent,TRBV6-5*01,TRBJ2-3*01,CASSSILTDTQYF,2.915197553059358e-08,22.0,544.4425984067121
7301,COVID-19-Convalescent,TRBV19*01,TRBJ2-5*01,CASSILLFQETQYF,1.0237558553250417e-09,26.0,497.4013349155802
178,COVID-19-Convalescent,TRBV29-1*01,TRBJ2-3*01,CSVDSGASTDTQYF,2.448467333829853e-09,16.0,822.5789487068581
5649,COVID-19-Convalescent,TRBV19*01,TRBJ1-4*01,CASSMVEGTSKLFF,7.204424999241748e-13,36.0,2677.2670817340572
178,COVID-19-Convalescent,TRBV19*01,TRBJ1-6*01,CASSRVEGTSPLHF,2.817915160209865e-10,36.0,2473.3380761681187
7717,COVID-19-Convalescent,TRBV19*01,TRBJ2-3*01,CASSIILAGGPGDTQYF,5.941251843086596e-11,36.0,10392.172276926845
178,COVID-19-Convalescent,TRBV19*01,TRBJ2-3*01,CASSITLAGLSSADTQYF,2.1132431389089897e-13,36.0,1237.7982850815765
7717,COVID-19-Convalescent,TRBV5-5*01,TRBJ2-3*01,CASSSGQGAFTDTQYF,3.036672729808997e-09,34.0,11253.18421861882
178,COVID-19-Convalescent,TRBV23-1*01,TRBJ2-5*01,CASSLPPSCGQETQYF,6.903290238118794e-11,36.0,591.3595063847531
7717,COVID-19-Convalescent,TRBV19*01,TRBJ2-7*01,CASSPTSGGYEQYF,2.1637274306938811e-07,22.0,439.0831470194437
178,COVID-19-Convalescent,TRBV28*01,TRBJ1-1*01,CASRGGSLLKAFF,1.4317342751792807e-11,36.0,518.0783832699418
7301,COVID-19-Convalescent,TRBV28*01,TRBJ2-7*01,CASSHRTDSYEQYF,2.001257891835701e-08,22.0,39050.15528976741
178,COVID-19-Convalescent,TRBV28*01,TRBJ2-7*01,CASSRRTDSYEQYF,3.544276227203388e-08,22.0,36403.3106820434
7717,COVID-19-Convalescent,TRBV19*01,TRBJ2-3*01,CASSILLAGGPGDTQYF,1.6226858598702223e-10,36.0,10101.637684277808
178,COVID-19-Convalescent,TRBV18*01,TRBJ2-1*01,CASSPPTDRGWEQFF,7.406503912456548e-12,34.0,558.0101531961461
3646,COVID-19-Convalescent,TRBV12-1*01,TRBJ2-7*01,CASSFITDSYEQYF,2.675993176397743e-09,36.0,17279.297895481308
178,COVID-19-Convalescent,TRBV19*01,TRBJ2-7*01,CASSTGAYEQYF,1.847426155779856e-06,10.0,1637.6223513569494
7717,COVID-19-Convalescent,TRBV5-5*01,TRBJ2-3*01,CASSLGQGAFTDTQYF,6.93338727035842e-09,22.0,11348.553969446315
178,COVID-19-Convalescent,TRBV19*01,TRBJ2-3*01,CASSILLAGGPGDTQYF,1.6226858598702223e-10,36.0,10101.637684277808
3646,COVID-19-Convalescent,TRBV19*01,TRBJ2-7*01,CASSRRTDSYEQYF,3.544276227203388e-08,22.0,9546.40770744654
178,COVID-19-Convalescent,TRBV3-1*01,TRBJ2-1*01,CASSPLSSGGPYNEQFF,4.1106091935983736e-10,32.0,518.0783832699418
6499,COVID-19-Convalescent,TRBV28*01,TRBJ2-7*01,CASSLRSNSYEQYF,1.8187070482868666e-08,10.0,12920.48808123161
178,COVID-19-Convalescent,TRBV19*01,TRBJ1-2*01,CASSIPGINYGYTF,6.5029193395865616e-09,22.0,580.2181710212633
7717,COVID-19-Convalescent,TRBV19*01,TRBJ2-3*01,CASSITLAGGPGDTQYF,8.742464073932007e-11,36.0,9190.01981807556
178,COVID-19-Convalescent,TRBV7-1*01,TRBJ2-5*01,CASSSTGGAETQYF,3.1673339245455094e-08,36.0,1235.4446754021633
7301,COVID-19-Convalescent,TRBV12-1*01,TRBJ2-7*01,CASGRRTDSYEQYF,8.198458914036166e-10,36.0,17279.506603763486
178,COVID-19-Convalescent,TRBV28*01,TRBJ2-7*01,CASGHQTDSYEQYF,3.122436945425451e-11,34.0,29280.44426432978
7717,COVID-19-Convalescent,TRBV5-5*01,TRBJ2-1*01,CASSPGQGAWFDEQFF,4.40688359327411e-12,36.0,1590.1768147059836
178,COVID-19-Convalescent,TRBV27*01,TRBJ2-1*01,CASSFTNDYSEQFF,7.002632710692065e-13,32.0,568.8382886721613
5649,COVID-19-Convalescent,TRBV19*01,TRBJ2-2*01,CASSIVEGTGELFF,3.711501083970522e-09,28.0,1183.0893904087015
178,COVID-19-Convalescent,TRBV3-1*01,TRBJ2-1*01,CASSQTSLGEQFF,1.4492974864192325e-09,16.0,518.0783832699418
6499,COVID-19-Convalescent,TRBV6-2*01,TRBJ2-2*01,CASSSGGAVGELFF,6.275963582117045e-09,34.0,592.9366561798438
178,COVID-19-Convalescent,TRBV28*01,TRBJ1-4*01,CASLGDRGLNEKLFF,5.420253346613245e-10,34.0,592.9425856334863
5649,COVID-19-Convalescent,TRBV28*01,TRBJ2-7*01,CASSLRTDSYEQYF,8.285894244760345e-08,16.0,35974.79600998032
178,COVID-19-Convalescent,TRBV3-1*01,TRBJ2-1*01,CASSLTGAVIYNEQFF,1.516914315338967e-10,32.0,518.0783832699418
5649,COVID-19-Convalescent,TRBV7-9*01,TRBJ1-4*01,CASSLADIGFPEKLFF,1.3256998473656004e-12,36.0,592.9425856334863
178,COVID-19-Convalescent,TRBV29-1*01,TRBJ2-3*01,CSVDQGSSTDTQYF,9.376962950008525e-10,20.0,867.1399711356366
7717,COVID-19-Convalescent,TRBV3-1*01,TRBJ1-6*01,CASKTSGTGYSPLHF,3.227140980312241e-11,36.0,592.9425856334863
178,COVID-19-Convalescent,TRBV19*01,TRBJ2-1*01,CASSFSAGGPRLNEQFF,3.949857615948437e-12,36.0,592.9425856334863
5649,COVID-19-Convalescent,TRBV28*01,TRBJ2-7*01,CASSLKSNSYEQYF,4.608112375807192e-09,16.0,17241.080941661017
178,COVID-19-Convalescent,TRBV3-1*01,TRBJ2-1*01,CASSLVAGIYNEQFF,1.4287148975586178e-08,20.0,592.9425856334863
7301,COVID-19-Convalescent,TRBV11-2*01,TRBJ1-2*01,CASSLFQGEAYGYTF,3.5560541903412777e-10,32.0,592.9425856334863
178,COVID-19-Convalescent,TRBV3-1*01,TRBJ2-1*01,CASSLTGTGYNEQFF,5.655300912261423e-08,22.0,961.9435647695996
7717,COVID-19-Convalescent,TRBV19*01,TRBJ2-1*01,CASSILLAGPYNEQFF,2.648574262551612e-09,32.0,1226.3228567965566
178,COVID-19-Convalescent,TRBV28*01,TRBJ2-7*01,CASNKASDSYEQYF,6.889864493939902e-11,32.0,1195.2927833078052
6499,COVID-19-Convalescent,TRBV6-5*01,TRBJ1-6*01,CASSQEGSGSPLHF,3.802745488482163e-09,34.0,518.0783832699418
178,COVID-19-Convalescent,TRBV19*01,TRBJ2-7*01,CASSADRDEQYF,2.1948488872715177e-07,22.0,366.37098184750226
178,COVID-19-Convalescent,TRBV19*01,TRBJ2-1*01,CASSIDSGRAYNEQFF,6.515566530259383e-10,28.0,498.1894636516775
178,COVID-19-Convalescent,TRBV28*01,TRBJ2-7*01,CASSLRTDDYEQYF,6.869486912113939e-09,22.0,25933.574762777807
178,COVID-19-Convalescent,TRBV3-1*01,TRBJ2-7*01,CASSLTSGGASYEQYF,4.2027058154857814e-08,22.0,518.0783832699418
178,COVID-19-Convalescent,TRBV19*01,TRBJ2-3*01,CASSLILAGGPTDTQYF,3.2813667660599238e-09,36.0,9605.60915428043
178,COVID-19-Convalescent,TRBV7-8*01,TRBJ1-5*01,CASTLLGNQPQHF,1.5634989511420673e-08,28.0,5499.078407811376
178,COVID-19-Convalescent,TRBV28*01,TRBJ2-7*01,CASNHRDSTYEQYF,4.82131372906486e-10,28.0,572.5401437534308
178,COVID-19-Convalescent,TRBV5-1*01,TRBJ2-7*01,CASSLGDSREQYF,2.1977882764740843e-08,10.0,592.9425856334863
178,COVID-19-Convalescent,TRBV5-1*01,TRBJ2-7*01,CASSLEGAREQYF,2.168382666444914e-08,10.0,585.8181672642976
178,COVID-19-Convalescent,TRBV6-2*01,TRBJ2-7*01,CASSYDRRQGGSYEQYF,8.309097726840431e-11,36.0,518.0752553868632
178,COVID-19-Convalescent,TRBV7-6*01,TRBJ2-5*01,CASSSTGGAETQYF,3.1673339245455094e-08,28.0,915.3704353575314
178,COVID-19-Convalescent,TRBV19*01,TRBJ1-2*01,CASSGWGYGYTF,1.7087052910965411e-07,22.0,518.0783832699418
178,COVID-19-Convalescent,TRBV28*01,TRBJ2-7*01,CASSTNRDRAPYEQYF,4.4247009189019643e-10,34.0,566.3434227672234
178,COVID-19-Convalescent,TRBV12-1*01,TRBJ2-7*01,CASSLTTDSYEQYF,2.688124708032487e-08,36.0,17279.402933892048
178,COVID-19-Convalescent,TRBV28*01,TRBJ2-1*01,CASSSLGRDSSYNEQFF,1.125349695493048e-09,34.0,592.9425856334863
178,COVID-19-Convalescent,TRBV29-1*01,TRBJ2-3*01,CSVETGAFTDTQYF,2.2994096684712291e-10,22.0,518.0783832699418
178,COVID-19-Convalescent,TRBV6-1*01,TRBJ2-3*01,CASDVGGGPYTQYF,1.5621164023872507e-12,36.0,518.0783832699418
178,COVID-19-Convalescent,TRBV6-5*01,TRBJ2-7*01,CASSQTLSSDYEQYF,7.11073826107973e-11,32.0,592.9425856334863
178,COVID-19-Convalescent,TRBV28*01,TRBJ2-7*01,CASSYRTDSYEQYF,3.131632230536292e-08,14.0,26301.191304590342
178,COVID-19-Convalescent,TRBV3-1*01,TRBJ2-7*01,CASSSTAGGEQYF,9.676849557304202e-09,22.0,592.9425856334863
178,COVID-19-Convalescent,TRBV6-2*01,TRBJ2-7*01,CASSYSIQAGGAYEQYF,8.367572539392083e-11,36.0,1779.5021663630282
178,COVID-19-Convalescent,TRBV4-3*01,TRBJ2-7*01,CASSQDLGVWAYEQYF,2.925771443749642e-10,22.0,518.0783832699418
178,COVID-19-Convalescent,TRBV28*01,TRBJ2-7*01,CASSFRTDSYEQYF,3.7466573796503237e-08,14.0,27427.422273486758
178,COVID-19-Convalescent,TRBV28*01,TRBJ2-7*01,CASSLRTDSYEQYF,8.285894244760345e-08,16.0,35974.79600998032
178,COVID-19-Convalescent,TRBV28*01,TRBJ2-7*01,CASSHRTDSYEQYF,2.001257891835701e-08,22.0,39050.15528976741
178,COVID-19-Convalescent,TRBV5-5*01,TRBJ2-3*01,CASSLGQGAFTDTQYF,6.93338727035842e-09,22.0,11348.553969446315
178,COVID-19-Convalescent,TRBV19*01,TRBJ2-3*01,CASSMILAGGPEDTQYF,6.544756527096426e-12,36.0,9634.709879326263
178,COVID-19-Convalescent,TRBV28*01,TRBJ2-7*01,CASSFKTDTYEQYF,1.2068168588746082e-09,22.0,22959.509080218646
178,COVID-19-Convalescent,TRBV7-8*01,TRBJ1-5*01,CASSLIGNQPQHF,1.4553991609994105e-07,14.0,3239.2707224739625
178,COVID-19-Convalescent,TRBV7-8*01,TRBJ1-5*01,CASSLIGNQPQHF,1.4553991609994105e-07,14.0,3239.2707224739625
178,COVID-19-Convalescent,TRBV28*01,TRBJ1-1*01,CASSYPPGPNTEAFF,1.1436602252893264e-08,26.0,592.9425856334863
178,COVID-19-Convalescent,TRBV6-2*01,TRBJ2-7*01,CASSYGGSSYEQYF,2.4575374634677113e-07,10.0,443.2141809063975
1005703,COVID-19-Convalescent,TRBV19*01,TRBJ1-2*01,CASSNGNRVRYGYTF,3.655158115879157e-11,36.0,568.531063129315
178,COVID-19-Convalescent,TRBV28*01,TRBJ2-7*01,CASSLSTDSYEQYF,3.6689859777280536e-08,16.0,14487.805333791961
178,COVID-19-Convalescent,TRBV19*01,TRBJ2-7*01,CASSLRTDSYEQYF,8.285894244760345e-08,16.0,8047.859980568842
178,COVID-19-Convalescent,TRBV28*01,TRBJ2-7*01,CASSLRTDSYEQYF,8.285894244760345e-08,16.0,35974.79600998032
178,COVID-19-Convalescent,TRBV28*01,TRBJ2-7*01,CASSLKTDQYEQYF,4.099862044741321e-10,26.0,35126.62899434556
178,COVID-19-Convalescent,TRBV4-3*01,TRBJ2-7*01,CASSQEASRGYEQYF,3.109845025966345e-09,22.0,518.0783832699418
178,COVID-19-Convalescent,TRBV4-2*01,TRBJ2-7*01,CASSQESGPSYEQYF,1.4156840664078015e-08,20.0,1080.4477030658122
178,COVID-19-Convalescent,TRBV5-5*01,TRBJ2-3*01,CASSPGQGAFTDTQYF,5.6843435391768216e-09,34.0,12070.495829288897
178,COVID-19-Convalescent,TRBV27*01,TRBJ2-3*01,CASSEGTASTDTQYF,2.5620912520904507e-08,22.0,518.0783832699418
178,COVID-19-Convalescent,TRBV5-1*01,TRBJ1-2*01,CASSLHGQGEIGYTF,4.201959427886171e-11,34.0,518.0783832699418
178,COVID-19-Convalescent,TRBV5-5*01,TRBJ2-3*01,CASSLGEGAFTDTQYF,9.695401875676183e-10,22.0,10495.885927786978
178,COVID-19-Convalescent,TRBV27*01,TRBJ2-7*01,CASSLYGTNSYEQYF,1.7539509340779532e-09,20.0,1113.0229364170852
2870,COVID-19-Convalescent,TRBV27*01,TRBJ2-1*01,CASTQGGRGEQFF,1.231918669766033e-09,32.0,526.0547597802915
178,COVID-19-Convalescent,TRBV19*01,TRBJ1-5*01,CASSWGNSNQPQHF,1.4679955864909027e-07,22.0,592.9425856334863
1005703,COVID-19-Convalescent,TRBV3-1*01,TRBJ2-7*01,CASSQTHLPSYEQYF,1.345480172016618e-10,32.0,518.0783832699418
1005703,COVID-19-Convalescent,TRBV3-1*01,TRBJ2-1*01,CASSQVGPFDYNEQFF,3.714361205322136e-11,34.0,518.0783832699418
1005703,COVID-19-Convalescent,TRBV5-1*01,TRBJ1-1*01,CASSLFAAQDKMGAFF,5.4735228545711106e-17,36.0,592.9425856334863
1005700,COVID-19-Acute,TRBV19*01,TRBJ1-5*01,CASSRADWTPQHF,1.662085730651553e-11,36.0,566.9957359773896
1005700,COVID-19-Acute,TRBV19*01,TRBJ2-1*01,CASSITLGLTPYNEQFF,2.713410416888481e-12,36.0,1100.4180525904872
178,COVID-19-Convalescent,TRBV28*01,TRBJ2-7*01,CASSLRTDSYEQYF,8.285894244760345e-08,16.0,35974.79600998032
6890,COVID-19-Convalescent,TRBV5-1*01,TRBJ2-2*01,CASSFWTPRDGELFF,9.767353815378547e-12,36.0,518.0783832699418
6890,COVID-19-Convalescent,TRBV18*01,TRBJ2-3*01,CASSQDPGPSRDTQYF,2.0341036026494357e-10,36.0,592.9425856334863
6890,COVID-19-Convalescent,TRBV28*01,TRBJ2-7*01,CASSMRTDSYEQYF,3.175954256995462e-09,22.0,39956.84290789791
1005700,COVID-19-Acute,TRBV6-5*01,TRBJ2-7*01,CASSLPWDSYEQYF,3.15626504935902e-08,28.0,518.0783832699418
1005700,COVID-19-Acute,TRBV30*01,TRBJ2-7*01,CAWRPTVDLSYEQYF,1.7589171007873522e-12,36.0,592.9425856334863
1005700,COVID-19-Acute,TRBV12-1*01,TRBJ1-1*01,CASTLGGGMNTEAFF,6.340434995217607e-09,36.0,1942.5195949329252
178,COVID-19-Convalescent,TRBV3-1*01,TRBJ1-1*01,CASSLMSGGFNTEAFF,4.520438278205655e-11,36.0,592.9425856334863
6890,COVID-19-Convalescent,TRBV19*01,TRBJ2-2*01,CASSIVEGTGELFF,3.711501083970522e-09,28.0,1183.0893904087015
1005700,COVID-19-Acute,TRBV3-1*01,TRBJ2-7*01,CASSLGTPTPYEQYF,1.5784967690096532e-09,34.0,551.5355682822071
1005700,COVID-19-Acute,TRBV7-2*01,TRBJ2-7*01,CASSPPWDSYEQYF,1.8319722376539463e-08,28.0,518.0783832699418
1005700,COVID-19-Acute,TRBV12-1*01,TRBJ1-1*01,CASSLIPGQYTEAFF,2.099834684016633e-09,36.0,1237.7763627745535
1005700,COVID-19-Acute,TRBV12-1*01,TRBJ2-3*01,CASSLGGHWADTQYF,6.629917214010572e-10,36.0,745.9856363997608
1005700,COVID-19-Acute,TRBV9*01,TRBJ1-2*01,CASSTQGYGYTF,4.040466537425253e-07,22.0,429.8557688734757
1005700,COVID-19-Acute,TRBV19*01,TRBJ2-7*01,CASSRTLFSGEQYF,2.642187883764496e-11,34.0,592.9425856334863
1005703,COVID-19-Convalescent,TRBV6-2*01,TRBJ2-1*01,CASSPGGGASEQFF,3.575476031677869e-09,32.0,592.9407320226633
1005703,COVID-19-Convalescent,TRBV28*01,TRBJ2-7*01,CASSLRTDSYEQYF,8.285894244760345e-08,16.0,35974.79600998032
1005703,COVID-19-Convalescent,TRBV30*01,TRBJ1-1*01,CAWSAPQGVTEAFF,2.6332641036889473e-10,34.0,569.4447557599224
6890,COVID-19-Convalescent,TRBV6-2*01,TRBJ2-7*01,CASRPHPQDRGTYEQYF,7.749200008860501e-13,36.0,592.9425856334863
178,COVID-19-Convalescent,TRBV7-8*01,TRBJ1-5*01,CASSLVGNQPQHF,3.8644582092456007e-07,10.0,2695.771858455986
178,COVID-19-Convalescent,TRBV19*01,TRBJ2-7*01,CASSVVERTAEQYF,4.7007382899037975e-11,34.0,507.15462952393204
1005703,COVID-19-Convalescent,TRBV3-1*01,TRBJ2-5*01,CASSLLGQGGAETQYF,1.0893013819184778e-09,34.0,499.70075536252887
6890,COVID-19-Convalescent,TRBV29-1*01,TRBJ2-3*01,CSVEAGGPDTQYF,4.481472144381439e-09,10.0,518.0783832699418
1005703,COVID-19-Convalescent,TRBV3-1*01,TRBJ2-7*01,CASGSYEQYF,1.124129393630111e-06,10.0,210.9142422616863
6890,COVID-19-Convalescent,TRBV3-1*01,TRBJ2-4*01,CASSRTSGGFENIQYF,5.3779234229374106e-11,36.0,567.531421314143
178,COVID-19-Convalescent,TRBV19*01,TRBJ2-3*01,CASSMILAGGPTDTQYF,1.124806866354222e-10,36.0,9562.608789623016
6890,COVID-19-Convalescent,TRBV28*01,TRBJ2-7*01,CASSFRSNSYEQYF,7.757603167979552e-09,20.0,22822.409958938355
178,COVID-19-Convalescent,TRBV27*01,TRBJ2-3*01,CASSPGLASTDTQYF,1.6702157090258163e-07,22.0,518.0783832699418
178,COVID-19-Convalescent,TRBV28*01,TRBJ2-7*01,CASSLKSDSYEQYF,1.205382888740608e-08,16.0,21640.841718295258
6890,COVID-19-Convalescent,TRBV27*01,TRBJ2-7*01,CASSPDSSIYEQYF,2.1000256581343147e-09,22.0,518.0783832699418
1005703,COVID-19-Convalescent,TRBV6-2*01,TRBJ1-5*01,CASSPGGGGNQPQHF,1.7961298068209789e-07,34.0,592.9425856334863
1005703,COVID-19-Convalescent,TRBV4-2*01,TRBJ2-7*01,CASSQEGGRAYEQYF,4.953433070210827e-08,20.0,6924.582141924381
6890,COVID-19-Convalescent,TRBV18*01,TRBJ1-6*01,CASSPEIKVLHF,9.814229731499209e-13,36.0,519.9861594041838
178,COVID-19-Convalescent,TRBV28*01,TRBJ2-7*01,CASSLRTDSYEQYF,8.285894244760345e-08,16.0,35974.79600998032
1005703,COVID-19-Convalescent,TRBV9*01,TRBJ1-2*01,CASSVAGYGYTF,2.1907428566247765e-07,10.0,592.9425856334863
1005703,COVID-19-Convalescent,TRBV20-1*01,TRBJ1-2*01,CSALGQVDIYGYTF,4.477166867193287e-12,34.0,1113.0229364170852
178,COVID-19-Convalescent,TRBV27*01,TRBJ2-1*01,CASSLLPGVQSYNEQFF,3.871059759985911e-11,34.0,592.9425856334863
178,COVID-19-Convalescent,TRBV19*01,TRBJ1-5*01,CASSMGIDIHSNQPQHF,8.831607777175268e-13,36.0,510.49602331942805
1005703,COVID-19-Convalescent,TRBV7-8*01,TRBJ1-5*01,CASSLDGNQPQHF,3.238094760700284e-07,20.0,3456.984286563333
1005703,COVID-19-Convalescent,TRBV28*01,TRBJ2-7*01,CASSLRSNSYEQYF,1.8187070482868666e-08,10.0,12920.48808123161
6890,COVID-19-Convalescent,TRBV12-1*01,TRBJ2-5*01,CASSLWQGETQYF,2.1548984187279026e-08,36.0,3809.9804359551936
6890,COVID-19-Convalescent,TRBV28*01,TRBJ2-7*01,CASSLSTDSYEQYF,3.6689859777280536e-08,16.0,14487.805333791961
1005703,COVID-19-Convalescent,TRBV19*01,TRBJ2-7*01,CASGRRTDSYEQYF,8.198458914036166e-10,34.0,9531.668780694456
